Actual,0s to 1s,1s to 10s,$>$ 10s
0s to 1s,74.44237918215613,10.780669144981413,14.776951672862454
1s to 10s,3.5294117647058822,31.76470588235294,64.70588235294117
$>$ 10s,4.838709677419355,4.838709677419355,90.32258064516128
