Actual,0s to 1s,1s to 10s,$>$ 10s
0s to 1s,84.77727113293582,4.051210101718696,11.171518765345493
1s to 10s,6.030150753768844,36.68341708542713,57.286432160804026
$>$ 10s,4.584527220630372,2.865329512893983,92.55014326647564
