{"train_loss": [1.7897589222914507, 1.8974916464617464, 1.786126176516215, 1.8395948491128935, 1.8477571286311767, 1.8539296129122884, 1.8577505617725605, 1.8651393684400182, 1.8643229607822134, 1.8620843571059558, 1.8651821272713798, 1.8688924377467357, 1.8653329448635076, 1.864577840785591, 1.866485764380215, 1.865301048674551, 1.8650774242115669, 1.8605632295413894, 1.8639309965834325, 1.8676615045184182, 1.8735608259836833], "val_loss": [1.7977643329270032, 1.7837858321715374, 1.8796128496831777, 1.8683164873901679, 1.8798126128255104, 1.8800711242520078, 1.8817570209503174, 1.89769882085372, 1.8936517822499177, 1.8936059693900906, 1.8834007199929685, 1.8935810765441583, 1.8833503455531841, 1.8948117981151658, 1.8941619688150835, 1.8935790110607535, 1.8890556486285464, 1.8724495294142742, 1.8922022143188788, 1.8947479797869313, 1.9043827811065985], "test_loss": [1.7731141192572457, 1.7683376390106824, 1.8611259849704043, 1.8582198863126793, 1.865943774885061, 1.865892420009691, 1.866687952255716, 1.8573020185743059, 1.8538485424859183, 1.8538378842022953, 1.8729278749349165, 1.87308335060976, 1.8729734250477381, 1.8735884209068454, 1.8736196172480681, 1.873544113976615, 1.8704342671803065, 1.8634306995236143, 1.852621973777304, 1.8742700134004866, 1.8830929556671454], "train_f1": [0.2553423543330376, 0.14552832002366164, 0.2567472641230405, 0.20377661934338953, 0.19604037267080746, 0.18923765158237207, 0.18600266193433895, 0.17805383022774326, 0.17941252587991718, 0.18145519077196096, 0.17834960070984915, 0.17431048506359065, 0.1781832298136646, 0.17894114167406094, 0.17703711919550427, 0.17822020112392783, 0.1784790002957705, 0.1827307009760426, 0.17962511091393077, 0.17584479443951492, 0.16993862762496303], "val_f1": [0.24553571428571427, 0.2576530612244898, 0.16262755102040816, 0.1760204081632653, 0.16454081632653061, 0.1639030612244898, 0.16198979591836735, 0.14732142857142858, 0.14987244897959184, 0.14987244897959184, 0.1600765306122449, 0.14987244897959184, 0.1600765306122449, 0.14923469387755103, 0.14987244897959184, 0.15051020408163265, 0.15497448979591838, 0.17091836734693877, 0.15178571428571427, 0.14923469387755103, 0.13966836734693877], "test_f1": [0.2710459183673469, 0.27487244897959184, 0.18303571428571427, 0.18494897959183673, 0.17729591836734693, 0.17729591836734693, 0.17665816326530612, 0.18558673469387754, 0.18941326530612246, 0.18941326530612246, 0.17028061224489796, 0.17028061224489796, 0.17028061224489796, 0.16964285714285715, 0.16964285714285715, 0.16964285714285715, 0.17283163265306123, 0.1798469387755102, 0.19068877551020408, 0.1690051020408163, 0.1600765306122449], "train_prec": [0.2553423543330376, 0.14552832002366164, 0.2567472641230405, 0.20377661934338953, 0.19604037267080746, 0.18923765158237207, 0.18600266193433895, 0.17805383022774326, 0.17941252587991718, 0.18145519077196096, 0.17834960070984915, 0.17431048506359065, 0.1781832298136646, 0.17894114167406094, 0.17703711919550427, 0.17822020112392783, 0.1784790002957705, 0.1827307009760426, 0.17962511091393077, 0.17584479443951492, 0.16993862762496303], "val_prec": [0.24553571428571427, 0.2576530612244898, 0.16262755102040816, 0.1760204081632653, 0.16454081632653061, 0.1639030612244898, 0.16198979591836735, 0.14732142857142858, 0.14987244897959184, 0.14987244897959184, 0.1600765306122449, 0.14987244897959184, 0.1600765306122449, 0.14923469387755103, 0.14987244897959184, 0.15051020408163265, 0.15497448979591838, 0.17091836734693877, 0.15178571428571427, 0.14923469387755103, 0.13966836734693877], "test_prec": [0.2710459183673469, 0.27487244897959184, 0.18303571428571427, 0.18494897959183673, 0.17729591836734693, 0.17729591836734693, 0.17665816326530612, 0.18558673469387754, 0.18941326530612246, 0.18941326530612246, 0.17028061224489796, 0.17028061224489796, 0.17028061224489796, 0.16964285714285715, 0.16964285714285715, 0.16964285714285715, 0.17283163265306123, 0.1798469387755102, 0.19068877551020408, 0.1690051020408163, 0.1600765306122449], "train_recall": [0.2553423543330376, 0.14552832002366164, 0.2567472641230405, 0.20377661934338953, 0.19604037267080746, 0.18923765158237207, 0.18600266193433895, 0.17805383022774326, 0.17941252587991718, 0.18145519077196096, 0.17834960070984915, 0.17431048506359065, 0.1781832298136646, 0.17894114167406094, 0.17703711919550427, 0.17822020112392783, 0.1784790002957705, 0.1827307009760426, 0.17962511091393077, 0.17584479443951492, 0.16993862762496303], "val_recall": [0.24553571428571427, 0.2576530612244898, 0.16262755102040816, 0.1760204081632653, 0.16454081632653061, 0.1639030612244898, 0.16198979591836735, 0.14732142857142858, 0.14987244897959184, 0.14987244897959184, 0.1600765306122449, 0.14987244897959184, 0.1600765306122449, 0.14923469387755103, 0.14987244897959184, 0.15051020408163265, 0.15497448979591838, 0.17091836734693877, 0.15178571428571427, 0.14923469387755103, 0.13966836734693877], "test_recall": [0.2710459183673469, 0.27487244897959184, 0.18303571428571427, 0.18494897959183673, 0.17729591836734693, 0.17729591836734693, 0.17665816326530612, 0.18558673469387754, 0.18941326530612246, 0.18941326530612246, 0.17028061224489796, 0.17028061224489796, 0.17028061224489796, 0.16964285714285715, 0.16964285714285715, 0.16964285714285715, 0.17283163265306123, 0.1798469387755102, 0.19068877551020408, 0.1690051020408163, 0.1600765306122449]}