Actual,(0; 1],(1; 10],(10; $\infty$
(0; 1],81.75675675675676,18.243243243243242,0.0
(1; 10],28.57142857142857,71.42857142857143,0.0
(10; $\infty$,48.07692307692308,48.07692307692308,3.8461538461538463
