Actual,(0; 1],(1; 10],(10; $\infty$
(0; 1],0.0,100.0,0.0
(1; 10],0.0,100.0,0.0
(10; $\infty$,0.0,98.07692307692307,1.9230769230769231
