Actual,0s to 1s,1s to 10s,$>$ 10s
0s to 1s,96.32,0.8,2.88
1s to 10s,55.55555555555556,44.44444444444444,0.0
$>$ 10s,63.63636363636363,0.0,36.36363636363637
