Actual,0s to 1s,1s to 10s,$>$ 10s
0s to 1s,85.87786259541986,1.0602205258693809,13.061916878710772
1s to 10s,3.9697542533081283,70.13232514177695,25.89792060491493
$>$ 10s,3.819918144611187,25.78444747612551,70.3956343792633
