Actual,(0; 1],(1; 10],(10; $\infty$
(0; 1],99.44289693593315,0.3714020427112349,0.18570102135561745
(1; 10],89.41176470588236,8.235294117647058,2.3529411764705883
(10; $\infty$,72.58064516129032,12.903225806451612,14.516129032258066
