Actual,(0; 1],(1; 10],(10; $\infty$
(0; 1],99.4413407821229,0.37243947858473,0.186219739292365
(1; 10],50.0,0.0,50.0
(10; $\infty$,83.33333333333334,8.333333333333332,8.333333333333332
