{"train_loss": [1.854203546939253, 1.8692806902385892, 1.8632291766251026, 1.8671275798966285, 1.8865998699551536, 1.8961571609081864, 1.8957000962730979, 1.8956585692710617, 1.8956483497100622, 1.8946271096768021, 1.894445969133961], "val_loss": [1.8697378927347612, 1.8828326633998327, 1.8803788228910796, 1.8985825850039113, 1.915374563664806, 1.9155368634632655, 1.9147835994253353, 1.9135663095785647, 1.9134892760490885, 1.913386741463019, 1.9165642967029495], "test_loss": [1.8585464467807693, 1.8772161104241196, 1.8758016046212644, 1.8733003845020217, 1.9017863687203855, 1.9024673311077818, 1.8819409170929267, 1.8990394460911653, 1.8990439079245742, 1.8805618626730782, 1.8825672427002265], "train_f1": [0.19046694764862465, 0.1745692842354333, 0.18115942028985507, 0.17677832002366164, 0.1570910973084886, 0.14757098491570542, 0.14794994084590357, 0.14794994084590357, 0.14794994084590357, 0.14897589470570835, 0.1492254510499852], "val_f1": [0.17857142857142858, 0.16326530612244897, 0.16517857142857142, 0.14540816326530612, 0.12946428571428573, 0.12818877551020408, 0.1288265306122449, 0.13073979591836735, 0.13073979591836735, 0.13073979591836735, 0.12691326530612246], "test_f1": [0.18558673469387754, 0.16517857142857142, 0.1677295918367347, 0.16964285714285715, 0.14158163265306123, 0.14094387755102042, 0.16135204081632654, 0.1441326530612245, 0.1441326530612245, 0.16262755102040816, 0.16071428571428573], "train_prec": [0.19046694764862465, 0.1745692842354333, 0.18115942028985507, 0.17677832002366164, 0.1570910973084886, 0.14757098491570542, 0.14794994084590357, 0.14794994084590357, 0.14794994084590357, 0.14897589470570835, 0.1492254510499852], "val_prec": [0.17857142857142858, 0.16326530612244897, 0.16517857142857142, 0.14540816326530612, 0.12946428571428573, 0.12818877551020408, 0.1288265306122449, 0.13073979591836735, 0.13073979591836735, 0.13073979591836735, 0.12691326530612246], "test_prec": [0.18558673469387754, 0.16517857142857142, 0.1677295918367347, 0.16964285714285715, 0.14158163265306123, 0.14094387755102042, 0.16135204081632654, 0.1441326530612245, 0.1441326530612245, 0.16262755102040816, 0.16071428571428573], "train_recall": [0.19046694764862465, 0.1745692842354333, 0.18115942028985507, 0.17677832002366164, 0.1570910973084886, 0.14757098491570542, 0.14794994084590357, 0.14794994084590357, 0.14794994084590357, 0.14897589470570835, 0.1492254510499852], "val_recall": [0.17857142857142858, 0.16326530612244897, 0.16517857142857142, 0.14540816326530612, 0.12946428571428573, 0.12818877551020408, 0.1288265306122449, 0.13073979591836735, 0.13073979591836735, 0.13073979591836735, 0.12691326530612246], "test_recall": [0.18558673469387754, 0.16517857142857142, 0.1677295918367347, 0.16964285714285715, 0.14158163265306123, 0.14094387755102042, 0.16135204081632654, 0.1441326530612245, 0.1441326530612245, 0.16262755102040816, 0.16071428571428573]}