{"train_loss": [25068934739188.375, 28924.460919419114, 28925.151935116774, 28924.33280281145, 28926.29599551684, 28924.294560224833, 28924.096577144803, 28924.300675199145, 28924.549659994995, 28924.106261438254, 28938.09833275542, 28929.070782836603, 28924.254782981614, 28924.896843306873, 28924.90045869918, 28924.16518377609, 28925.13127239383, 28924.677478997884, 29194.076073956327, 28924.85068773088, 28928.314210693854, 28934.25816267364, 28924.304512208822, 28927.831177456443, 28924.187194642567], "val_loss": [28941.571176300244, 28941.525965313103, 28941.527496514424, 28941.754527714787, 29874.015532746605, 28965.79288541054, 28941.55936312432, 28941.707368052736, 28941.526000578717, 28971.707258574817, 28941.525549317776, 28941.5264400853, 28942.000547817774, 28941.52600551957, 28946.484619685583, 28941.578194593898, 28941.52597519631, 28941.52721917895, 28941.738412166127, 28941.526809547282, 28941.659366315725, 28941.52684631039, 28941.526343452308, 28941.526865127857, 28955.522459536183], "test_loss": [20256.50733889223, 20256.57724438395, 20256.64931054018, 20256.506878528584, 20256.507193446578, 20256.78197463678, 20256.507113571537, 20256.50731456628, 20256.511542799522, 20256.507221132913, 20256.50712996179, 20258.286690848214, 20282.846222342276, 20256.507389561986, 20256.506770698612, 20256.5070663692, 20301.487517532038, 20256.507238790015, 20256.507996184828, 20258.78683409399, 20256.50738975015, 20257.023543026982, 20256.60110906679, 20257.751736621467, 20256.507023214133], "train_f1": [0.11287341023365867, 0.11279022478556641, 0.11262385388938183, 0.11254066844128957, 0.11270703933747411, 0.11270703933747411, 0.11287341023365867, 0.11279022478556641, 0.11295659568175095, 0.11287341023365867, 0.11287341023365867, 0.11254066844128957, 0.11262385388938183, 0.11279022478556641, 0.11254066844128957, 0.11262385388938183, 0.11262385388938183, 0.11279022478556641, 0.11262385388938183, 0.11270703933747411, 0.11262385388938183, 0.11262385388938183, 0.11303978112984324, 0.11254066844128957, 0.11262385388938183], "val_f1": [0.09566326530612244, 0.09566326530612244, 0.09566326530612244, 0.09566326530612244, 0.09566326530612244, 0.09566326530612244, 0.09566326530612244, 0.09566326530612244, 0.10522959183673469, 0.09566326530612244, 0.10522959183673469, 0.10522959183673469, 0.09566326530612244, 0.10522959183673469, 0.09566326530612244, 0.09566326530612244, 0.09566326530612244, 0.09566326530612244, 0.10522959183673469, 0.09566326530612244, 0.10522959183673469, 0.09566326530612244, 0.09566326530612244, 0.10522959183673469, 0.09566326530612244], "test_f1": [0.11543367346938775, 0.09566326530612244, 0.09566326530612244, 0.09566326530612244, 0.11543367346938775, 0.09566326530612244, 0.11543367346938775, 0.09566326530612244, 0.09566326530612244, 0.11543367346938775, 0.09566326530612244, 0.09566326530612244, 0.09566326530612244, 0.09566326530612244, 0.09566326530612244, 0.11543367346938775, 0.09566326530612244, 0.09566326530612244, 0.09566326530612244, 0.09566326530612244, 0.09566326530612244, 0.09566326530612244, 0.09566326530612244, 0.09566326530612244, 0.09566326530612244], "train_prec": [0.11287341023365867, 0.11279022478556641, 0.11262385388938183, 0.11254066844128957, 0.11270703933747411, 0.11270703933747411, 0.11287341023365867, 0.11279022478556641, 0.11295659568175095, 0.11287341023365867, 0.11287341023365867, 0.11254066844128957, 0.11262385388938183, 0.11279022478556641, 0.11254066844128957, 0.11262385388938183, 0.11262385388938183, 0.11279022478556641, 0.11262385388938183, 0.11270703933747411, 0.11262385388938183, 0.11262385388938183, 0.11303978112984324, 0.11254066844128957, 0.11262385388938183], "val_prec": [0.09566326530612244, 0.09566326530612244, 0.09566326530612244, 0.09566326530612244, 0.09566326530612244, 0.09566326530612244, 0.09566326530612244, 0.09566326530612244, 0.10522959183673469, 0.09566326530612244, 0.10522959183673469, 0.10522959183673469, 0.09566326530612244, 0.10522959183673469, 0.09566326530612244, 0.09566326530612244, 0.09566326530612244, 0.09566326530612244, 0.10522959183673469, 0.09566326530612244, 0.10522959183673469, 0.09566326530612244, 0.09566326530612244, 0.10522959183673469, 0.09566326530612244], "test_prec": [0.11543367346938775, 0.09566326530612244, 0.09566326530612244, 0.09566326530612244, 0.11543367346938775, 0.09566326530612244, 0.11543367346938775, 0.09566326530612244, 0.09566326530612244, 0.11543367346938775, 0.09566326530612244, 0.09566326530612244, 0.09566326530612244, 0.09566326530612244, 0.09566326530612244, 0.11543367346938775, 0.09566326530612244, 0.09566326530612244, 0.09566326530612244, 0.09566326530612244, 0.09566326530612244, 0.09566326530612244, 0.09566326530612244, 0.09566326530612244, 0.09566326530612244], "train_recall": [0.11287341023365867, 0.11279022478556641, 0.11262385388938183, 0.11254066844128957, 0.11270703933747411, 0.11270703933747411, 0.11287341023365867, 0.11279022478556641, 0.11295659568175095, 0.11287341023365867, 0.11287341023365867, 0.11254066844128957, 0.11262385388938183, 0.11279022478556641, 0.11254066844128957, 0.11262385388938183, 0.11262385388938183, 0.11279022478556641, 0.11262385388938183, 0.11270703933747411, 0.11262385388938183, 0.11262385388938183, 0.11303978112984324, 0.11254066844128957, 0.11262385388938183], "val_recall": [0.09566326530612244, 0.09566326530612244, 0.09566326530612244, 0.09566326530612244, 0.09566326530612244, 0.09566326530612244, 0.09566326530612244, 0.09566326530612244, 0.10522959183673469, 0.09566326530612244, 0.10522959183673469, 0.10522959183673469, 0.09566326530612244, 0.10522959183673469, 0.09566326530612244, 0.09566326530612244, 0.09566326530612244, 0.09566326530612244, 0.10522959183673469, 0.09566326530612244, 0.10522959183673469, 0.09566326530612244, 0.09566326530612244, 0.10522959183673469, 0.09566326530612244], "test_recall": [0.11543367346938775, 0.09566326530612244, 0.09566326530612244, 0.09566326530612244, 0.11543367346938775, 0.09566326530612244, 0.11543367346938775, 0.09566326530612244, 0.09566326530612244, 0.11543367346938775, 0.09566326530612244, 0.09566326530612244, 0.09566326530612244, 0.09566326530612244, 0.09566326530612244, 0.11543367346938775, 0.09566326530612244, 0.09566326530612244, 0.09566326530612244, 0.09566326530612244, 0.09566326530612244, 0.09566326530612244, 0.09566326530612244, 0.09566326530612244, 0.09566326530612244]}