Actual,(0; 1],(1; 10],(10; $\infty$
(0; 1],99.81378026070763,0.186219739292365,0.0
(1; 10],100.0,0.0,0.0
(10; $\infty$,75.0,8.333333333333332,16.666666666666664
