Actual,(0; 1],(1; 10],(10; $\infty$
(0; 1],81.16450368291828,11.46965976850228,7.365836548579447
(1; 10],10.050251256281408,64.321608040201,25.628140703517587
(10; $\infty$,9.742120343839542,18.624641833810887,71.63323782234957
