Actual,0s to 1s,1s to 10s,$>$ 10s
0s to 1s,55.48327137546468,39.5910780669145,4.925650557620818
1s to 10s,7.0588235294117645,81.17647058823529,11.76470588235294
$>$ 10s,9.67741935483871,74.19354838709677,16.129032258064516
