Actual,0s to 1s,1s to 10s,$>$ 10s
0s to 1s,99.25512104283054,0.186219739292365,0.5586592178770949
1s to 10s,0.0,50.0,50.0
$>$ 10s,91.66666666666666,8.333333333333332,0.0
