Actual,(0; 1],(1; 10],(10; $\infty$
(0; 1],55.48327137546468,39.5910780669145,4.925650557620818
(1; 10],7.0588235294117645,81.17647058823529,11.76470588235294
(10; $\infty$,9.67741935483871,74.19354838709677,16.129032258064516
